[
  {
    "id": "54674048-4015-4f59-ba8f-0e249daa963b",
    "data": [
      {
        "text": "Buenos dias",
        "userDefined": false
      }
    ],
    "isTemplate": false,
    "count": 0
  },
  {
    "id": "237d0bf2-fb28-4456-89c4-0d485eca6a9b",
    "data": [
      {
        "text": "hola",
        "userDefined": false
      }
    ],
    "isTemplate": false,
    "count": 1,
    "updated": 0
  },
  {
    "id": "674ed3ca-10e1-4dd7-864e-926a996b99b5",
    "data": [
      {
        "text": "hey",
        "userDefined": false
      }
    ],
    "isTemplate": false,
    "count": 0,
    "updated": 0
  },
  {
    "id": "5c43fc07-0714-4a1f-aeb4-6bc07ecf9906",
    "data": [
      {
        "text": "hey ho",
        "userDefined": false
      }
    ],
    "isTemplate": false,
    "count": 0,
    "updated": 0
  },
  {
    "id": "ee51f8db-20d0-4875-8398-1324b70c1da3",
    "data": [
      {
        "text": "chao",
        "userDefined": false
      }
    ],
    "isTemplate": false,
    "count": 0,
    "updated": 0
  },
  {
    "id": "7f06e3a0-b8ee-4860-8d7c-1075a482b687",
    "data": [
      {
        "text": "saludos",
        "userDefined": false
      }
    ],
    "isTemplate": false,
    "count": 0,
    "updated": 0
  }
]