[
  {
    "id": "d079af62-2f46-4f03-a885-fc141db83604",
    "data": [
      {
        "text": "qué tal",
        "userDefined": false
      }
    ],
    "isTemplate": false,
    "count": 0,
    "updated": 0
  },
  {
    "id": "6f77a092-f718-47b8-859d-262ea74879e1",
    "data": [
      {
        "text": "cómo estás",
        "userDefined": false
      }
    ],
    "isTemplate": false,
    "count": 0,
    "updated": 0
  },
  {
    "id": "c5b9df7d-1e3a-43fc-b806-2f9c33a9cef0",
    "data": [
      {
        "text": "está todo bien",
        "userDefined": false
      }
    ],
    "isTemplate": false,
    "count": 0,
    "updated": 0
  },
  {
    "id": "d520b590-d9cf-47a5-bf68-2ed7eb0e0ec3",
    "data": [
      {
        "text": "cómo andas",
        "userDefined": false
      }
    ],
    "isTemplate": false,
    "count": 0,
    "updated": 0
  },
  {
    "id": "7849025f-49db-41ec-9094-9c36b46a0071",
    "data": [
      {
        "text": "qué tal las cosas",
        "userDefined": false
      }
    ],
    "isTemplate": false,
    "count": 0,
    "updated": 0
  },
  {
    "id": "f78fe519-81d6-4f97-966a-439c46990dda",
    "data": [
      {
        "text": "qué tal estás",
        "userDefined": false
      }
    ],
    "isTemplate": false,
    "count": 0,
    "updated": 0
  },
  {
    "id": "1b04581e-c2ee-4547-99ae-dcd1c3fa3e3b",
    "data": [
      {
        "text": "cómo te encuentras",
        "userDefined": false
      }
    ],
    "isTemplate": false,
    "count": 0,
    "updated": 0
  },
  {
    "id": "3fc5a352-68d1-461f-b228-4b4f740bdfea",
    "data": [
      {
        "text": "cómo van las cosas",
        "userDefined": false
      }
    ],
    "isTemplate": false,
    "count": 0,
    "updated": 0
  },
  {
    "id": "e2ca2d0a-ecc3-4fa1-bcc5-8c79e85fe319",
    "data": [
      {
        "text": "qué tal todo",
        "userDefined": false
      }
    ],
    "isTemplate": false,
    "count": 0,
    "updated": 0
  },
  {
    "id": "a61e23ac-b6ee-4284-a0b4-687ea576cf7d",
    "data": [
      {
        "text": "hola cómo estás",
        "userDefined": false
      }
    ],
    "isTemplate": false,
    "count": 0,
    "updated": 0
  },
  {
    "id": "4e5b8352-6ec4-45d4-a1f8-52508bf7e96a",
    "data": [
      {
        "text": "hola qué tal",
        "userDefined": false
      }
    ],
    "isTemplate": false,
    "count": 0,
    "updated": 0
  },
  {
    "id": "b7fb4685-943b-4d23-ae81-25198e944408",
    "data": [
      {
        "text": "cómo va todo",
        "userDefined": false
      }
    ],
    "isTemplate": false,
    "count": 0,
    "updated": 0
  }
]