[
  {
    "id": "baf3b83a-8001-4a4f-ac15-e7f7e8ee9280",
    "data": [
      {
        "text": "ahora vuelvo",
        "userDefined": false
      }
    ],
    "isTemplate": false,
    "count": 0,
    "updated": 0
  },
  {
    "id": "ec69cd0a-3c65-40c0-9f3b-253fe764bacb",
    "data": [
      {
        "text": "vuelvo en un rato",
        "userDefined": false
      }
    ],
    "isTemplate": false,
    "count": 0,
    "updated": 0
  },
  {
    "id": "61365963-72ce-46d2-8756-2c46d5f00e49",
    "data": [
      {
        "text": "enseguida vuelvo",
        "userDefined": false
      }
    ],
    "isTemplate": false,
    "count": 0,
    "updated": 0
  },
  {
    "id": "2e1bf468-0bee-4d89-a40d-a017ade947d8",
    "data": [
      {
        "text": "ya volveré",
        "userDefined": false
      }
    ],
    "isTemplate": false,
    "count": 0,
    "updated": 0
  },
  {
    "id": "e348605c-41f7-4053-8b27-d808040534b9",
    "data": [
      {
        "text": "volveré en un minuto",
        "userDefined": false
      }
    ],
    "isTemplate": false,
    "count": 0,
    "updated": 0
  }
]