[
  {
    "id": "c2da04b9-c010-4a75-8d96-c563f43214f3",
    "data": [
      {
        "text": "que tengas ",
        "userDefined": false
      },
      {
        "text": "una",
        "meta": "@sys.ignore",
        "userDefined": false
      },
      {
        "text": " ",
        "userDefined": false
      },
      {
        "text": "buena",
        "meta": "@sys.ignore",
        "userDefined": false
      },
      {
        "text": " ",
        "userDefined": false
      },
      {
        "text": "noche",
        "meta": "@sys.ignore",
        "userDefined": false
      }
    ],
    "isTemplate": false,
    "count": 0,
    "updated": 0
  },
  {
    "id": "b67e9250-6dea-4e45-a29f-7d42d047fbf1",
    "data": [
      {
        "text": "buenas noches",
        "userDefined": false
      }
    ],
    "isTemplate": false,
    "count": 0,
    "updated": 0
  },
  {
    "id": "dd68ba1a-4b90-4aeb-9a1f-68be1844de5f",
    "data": [
      {
        "text": "hola buenas noches",
        "userDefined": false
      }
    ],
    "isTemplate": false,
    "count": 0,
    "updated": 0
  },
  {
    "id": "bd1e5d3e-d2de-41ab-964c-e69f2c588ccd",
    "data": [
      {
        "text": "hola buenas",
        "userDefined": false
      }
    ],
    "isTemplate": false,
    "count": 0,
    "updated": 0
  },
  {
    "id": "66acd65f-27dc-4da6-8701-1c667f99b7c2",
    "data": [
      {
        "text": "hey buenas noches",
        "userDefined": false
      }
    ],
    "isTemplate": false,
    "count": 0,
    "updated": 0
  }
]