[
  {
    "id": "48647585-e165-43e4-8741-1abedc4f2547",
    "data": [
      {
        "text": "hoy es mi cumpleaños",
        "userDefined": false
      }
    ],
    "isTemplate": false,
    "count": 1,
    "updated": 0
  },
  {
    "id": "739d8c93-6205-48c5-917f-e473a76f775c",
    "data": [
      {
        "text": "es ",
        "userDefined": false
      },
      {
        "text": "mi",
        "meta": "@sys.ignore",
        "userDefined": false
      },
      {
        "text": " cumpleaños",
        "userDefined": false
      }
    ],
    "isTemplate": false,
    "count": 0,
    "updated": 0
  },
  {
    "id": "cdd04d57-8172-4cb3-9b78-04cb3d1f945a",
    "data": [
      {
        "text": "hoy",
        "meta": "@sys.ignore",
        "userDefined": false
      },
      {
        "text": " cumplo otro ",
        "userDefined": false
      },
      {
        "text": "año",
        "meta": "@sys.ignore",
        "userDefined": false
      },
      {
        "text": " más ",
        "userDefined": false
      },
      {
        "text": "de",
        "meta": "@sys.ignore",
        "userDefined": false
      },
      {
        "text": " ",
        "userDefined": false
      },
      {
        "text": "vida",
        "meta": "@sys.ignore",
        "userDefined": false
      }
    ],
    "isTemplate": false,
    "count": 0,
    "updated": 0
  },
  {
    "id": "5e337c89-aec1-4500-b8b3-93a9bc07e391",
    "data": [
      {
        "text": "hoy cumplo años",
        "userDefined": false
      }
    ],
    "isTemplate": false,
    "count": 0,
    "updated": 0
  },
  {
    "id": "42d5c0ef-b583-4883-a1cb-866163954e93",
    "data": [
      {
        "text": "tengo cumpleaños hoy",
        "userDefined": false
      }
    ],
    "isTemplate": false,
    "count": 0,
    "updated": 0
  },
  {
    "id": "c3a7ed92-2bb0-434a-9f34-a27bec780a6c",
    "data": [
      {
        "text": "sabes que hoy es mi cumple",
        "userDefined": false
      }
    ],
    "isTemplate": false,
    "count": 0,
    "updated": 0
  },
  {
    "id": "5a3b84ad-4ad5-4eac-b6e7-e9f4d8129212",
    "data": [
      {
        "text": "estoy de cumple",
        "userDefined": false
      }
    ],
    "isTemplate": false,
    "count": 0,
    "updated": 0
  },
  {
    "id": "7b54f496-0312-4aaa-bd3d-f80062b6e0f6",
    "data": [
      {
        "text": "estoy celebrando mi cumpleaños hoy",
        "userDefined": false
      }
    ],
    "isTemplate": false,
    "count": 0,
    "updated": 0
  }
]