[
  {
    "id": "e42a1565-6e51-492b-affe-572559e81ff4",
    "data": [
      {
        "text": "qué risa",
        "userDefined": false
      }
    ],
    "isTemplate": false,
    "count": 0,
    "updated": 0
  },
  {
    "id": "a40ac1f5-a32f-4567-b925-7f303e48ba76",
    "data": [
      {
        "text": "ajajaj",
        "userDefined": false
      }
    ],
    "isTemplate": false,
    "count": 0,
    "updated": 0
  },
  {
    "id": "8300c0ed-41bf-4e2f-b342-f6b35d995727",
    "data": [
      {
        "text": "je je je",
        "userDefined": false
      }
    ],
    "isTemplate": false,
    "count": 0,
    "updated": 0
  },
  {
    "id": "618082cd-6488-4b73-8ce1-05ceae3b7e69",
    "data": [
      {
        "text": "ja ja ja",
        "userDefined": false
      }
    ],
    "isTemplate": false,
    "count": 0,
    "updated": 0
  },
  {
    "id": "0691cf09-f1b7-4ac1-b8e2-9aade9a936b4",
    "data": [
      {
        "text": "que gracioso",
        "userDefined": false
      }
    ],
    "isTemplate": false,
    "count": 0,
    "updated": 0
  },
  {
    "id": "0ae56702-6ab0-460a-849b-f2dc8f4c6917",
    "data": [
      {
        "text": "me",
        "meta": "@sys.ignore",
        "userDefined": false
      },
      {
        "text": " río",
        "userDefined": false
      }
    ],
    "isTemplate": false,
    "count": 0,
    "updated": 0
  },
  {
    "id": "0264143c-f9b5-4f65-b058-45396e21a807",
    "data": [
      {
        "text": "me",
        "meta": "@sys.ignore",
        "userDefined": false
      },
      {
        "text": " parto",
        "userDefined": false
      }
    ],
    "isTemplate": false,
    "count": 0,
    "updated": 0
  },
  {
    "id": "6d1c96e5-d571-48c0-a81c-0be3a2ec4311",
    "data": [
      {
        "text": "ja ja",
        "userDefined": false
      }
    ],
    "isTemplate": false,
    "count": 0,
    "updated": 0
  },
  {
    "id": "dccfffe7-411e-4104-8363-8e6fd1ceadcf",
    "data": [
      {
        "text": "lol",
        "userDefined": false
      }
    ],
    "isTemplate": false,
    "count": 0,
    "updated": 0
  },
  {
    "id": "4230daa4-af70-4ddf-a9e5-5cb86c898035",
    "data": [
      {
        "text": "xd",
        "userDefined": false
      }
    ],
    "isTemplate": false,
    "count": 0,
    "updated": 0
  },
  {
    "id": "48ccc9e4-a65e-46d5-8bf9-32b3628422f9",
    "data": [
      {
        "text": "ha ha",
        "userDefined": false
      }
    ],
    "isTemplate": false,
    "count": 0,
    "updated": 0
  }
]