[
  {
    "id": "ede3a2d5-f9ff-4e9c-aa37-f75fc9ee4daa",
    "data": [
      {
        "text": "estoy tan entusiasmado",
        "userDefined": false
      }
    ],
    "isTemplate": false,
    "count": 0,
    "updated": 0
  },
  {
    "id": "59351f41-4111-4aaf-9999-090729d8f6a7",
    "data": [
      {
        "text": "estoy nervioso",
        "userDefined": false
      }
    ],
    "isTemplate": false,
    "count": 0,
    "updated": 0
  },
  {
    "id": "6555ba4f-5ad3-4021-9f4c-3794c46c1a80",
    "data": [
      {
        "text": "qué nervios",
        "userDefined": false
      }
    ],
    "isTemplate": false,
    "count": 0,
    "updated": 0
  },
  {
    "id": "3597a124-54d2-45e7-87a1-d03ba0a2030e",
    "data": [
      {
        "text": "estoy animada",
        "userDefined": false
      }
    ],
    "isTemplate": false,
    "count": 0,
    "updated": 0
  },
  {
    "id": "55cd63cb-707f-40dd-86ba-9211cc851aff",
    "data": [
      {
        "text": "me hace mucha ilusión",
        "userDefined": false
      }
    ],
    "isTemplate": false,
    "count": 0,
    "updated": 0
  },
  {
    "id": "588e0597-5d4b-4ee8-93f4-103ab2bdfc82",
    "data": [
      {
        "text": "estoy emocionado",
        "userDefined": false
      }
    ],
    "isTemplate": false,
    "count": 0,
    "updated": 0
  },
  {
    "id": "887337fd-4f63-4964-8bcd-0734f4a7c361",
    "data": [
      {
        "text": "estoy muy emocionada",
        "userDefined": false
      }
    ],
    "isTemplate": false,
    "count": 0,
    "updated": 0
  },
  {
    "id": "75f292bc-0f93-4575-9c52-4df432941900",
    "data": [
      {
        "text": "estoy entusiasmada",
        "userDefined": false
      }
    ],
    "isTemplate": false,
    "count": 0,
    "updated": 0
  },
  {
    "id": "600a817c-9468-4fbf-af1c-7d1fb1fadf5d",
    "data": [
      {
        "text": "estoy ilusionada",
        "userDefined": false
      }
    ],
    "isTemplate": false,
    "count": 0,
    "updated": 0
  },
  {
    "id": "950d6475-0618-408a-ae89-b4289dde30a0",
    "data": [
      {
        "text": "estoy excitado",
        "userDefined": false
      }
    ],
    "isTemplate": false,
    "count": 0,
    "updated": 0
  }
]