[
  {
    "id": "730d831e-061c-41fb-92ef-1d5f0ef2427a",
    "data": [
      {
        "text": "lo has hecho bien",
        "userDefined": false
      }
    ],
    "isTemplate": false,
    "count": 0,
    "updated": 0
  },
  {
    "id": "4096a035-4c74-4cd1-b530-8a7df24de87c",
    "data": [
      {
        "text": "bien hecho",
        "userDefined": false
      }
    ],
    "isTemplate": false,
    "count": 0,
    "updated": 0
  },
  {
    "id": "b4ffc6b4-eb2c-4c7d-92cc-eb0ac3858384",
    "data": [
      {
        "text": "muy bien hecho",
        "userDefined": false
      }
    ],
    "isTemplate": false,
    "count": 0,
    "updated": 0
  },
  {
    "id": "c8ef49ba-6264-4741-b637-eb47362f7389",
    "data": [
      {
        "text": "buen trabajo",
        "userDefined": false
      }
    ],
    "isTemplate": false,
    "count": 0,
    "updated": 0
  },
  {
    "id": "9e68afa7-a5d1-423b-9c41-4ab65baf0ff3",
    "data": [
      {
        "text": "lo has hecho de maravilla",
        "userDefined": false
      }
    ],
    "isTemplate": false,
    "count": 0,
    "updated": 0
  },
  {
    "id": "1cbbb458-5820-42b2-9f9d-a701555d9a4e",
    "data": [
      {
        "text": "bravo",
        "userDefined": false
      }
    ],
    "isTemplate": false,
    "count": 0,
    "updated": 0
  },
  {
    "id": "e0891143-af9a-4fa5-8d96-262bcfbb1483",
    "data": [
      {
        "text": "excelente trabajo",
        "userDefined": false
      }
    ],
    "isTemplate": false,
    "count": 0,
    "updated": 0
  },
  {
    "id": "5032a974-d830-481d-96b2-9e3180223491",
    "data": [
      {
        "text": "lo has hecho muy bien",
        "userDefined": false
      }
    ],
    "isTemplate": false,
    "count": 0,
    "updated": 0
  }
]