[
  {
    "id": "fe523585-b00f-4486-b8f3-f0e6b7b495c2",
    "data": [
      {
        "text": "espero",
        "userDefined": false
      }
    ],
    "isTemplate": false,
    "count": 0,
    "updated": 0
  },
  {
    "id": "0d6feb66-b1ec-4bae-b629-8096b94a85b1",
    "data": [
      {
        "text": "te voy a esperar",
        "userDefined": false
      }
    ],
    "isTemplate": false,
    "count": 0,
    "updated": 0
  },
  {
    "id": "94a3d69c-cff7-4bcb-881c-a4cd9cb2872f",
    "data": [
      {
        "text": "estoy esperando",
        "userDefined": false
      }
    ],
    "isTemplate": false,
    "count": 0,
    "updated": 0
  },
  {
    "id": "c52c2617-18d6-4dd7-ac90-23cd814f5358",
    "data": [
      {
        "text": "todavía estoy esperando",
        "userDefined": false
      }
    ],
    "isTemplate": false,
    "count": 0,
    "updated": 0
  },
  {
    "id": "922afe86-6594-4957-8c9d-1e67bd5fbc16",
    "data": [
      {
        "text": "te espero con impaciencia",
        "userDefined": false
      }
    ],
    "isTemplate": false,
    "count": 0,
    "updated": 0
  },
  {
    "id": "c0fe9551-b9d7-4537-8706-c3c0a09e613e",
    "data": [
      {
        "text": "aquí te espero",
        "userDefined": false
      }
    ],
    "isTemplate": false,
    "count": 0,
    "updated": 0
  },
  {
    "id": "4d9bcf91-252b-4e2e-9684-45ee59ae2693",
    "data": [
      {
        "text": "bueno te espero",
        "userDefined": false
      }
    ],
    "isTemplate": false,
    "count": 0,
    "updated": 0
  }
]