[
  {
    "id": "ce1a711e-201e-45e9-bb2b-71b3abe55df6",
    "data": [
      {
        "text": "encantado de conocerte",
        "userDefined": false
      }
    ],
    "isTemplate": false,
    "count": 0,
    "updated": 0
  },
  {
    "id": "6b30f4cb-3e2a-4e6b-a172-3be03bd76d29",
    "data": [
      {
        "text": "encantado",
        "userDefined": false
      }
    ],
    "isTemplate": false,
    "count": 0,
    "updated": 0
  },
  {
    "id": "01c06abc-5aa6-4b60-bd34-8d49bc3a5a38",
    "data": [
      {
        "text": "es un placer",
        "userDefined": false
      }
    ],
    "isTemplate": false,
    "count": 0,
    "updated": 0
  },
  {
    "id": "540b8ae5-e92b-4fa6-bdfa-a7d7698fe81a",
    "data": [
      {
        "text": "qué gusto conocerte",
        "userDefined": false
      }
    ],
    "isTemplate": false,
    "count": 0,
    "updated": 0
  },
  {
    "id": "ca381458-d946-45d8-86e6-45128e8056ea",
    "data": [
      {
        "text": "muy encantada de conocerte",
        "userDefined": false
      }
    ],
    "isTemplate": false,
    "count": 0,
    "updated": 0
  }
]