[
  {
    "id": "f02523a8-5b7c-48c5-8714-5b7f67ba3181",
    "data": [
      {
        "text": "ya estoy aquí",
        "userDefined": false
      }
    ],
    "isTemplate": false,
    "count": 0,
    "updated": 0
  },
  {
    "id": "ad2a6863-2630-461a-96f2-f63d7f8f05b2",
    "data": [
      {
        "text": "estoy aquí no ",
        "userDefined": false
      },
      {
        "text": "me",
        "meta": "@sys.ignore",
        "userDefined": false
      },
      {
        "text": " ves",
        "userDefined": false
      }
    ],
    "isTemplate": false,
    "count": 0,
    "updated": 0
  },
  {
    "id": "ed755752-365d-4718-a2d4-5954a3759998",
    "data": [
      {
        "text": "estoy aquí",
        "userDefined": false
      }
    ],
    "isTemplate": false,
    "count": 0,
    "updated": 0
  },
  {
    "id": "71f394e2-026f-4a80-a7ad-1833888aa8cc",
    "data": [
      {
        "text": "aquí estoy",
        "userDefined": false
      }
    ],
    "isTemplate": false,
    "count": 0,
    "updated": 0
  },
  {
    "id": "2c6c3ad8-f1b9-491f-812b-e3cd68dc6207",
    "data": [
      {
        "text": "sigo aquí",
        "userDefined": false
      }
    ],
    "isTemplate": false,
    "count": 0,
    "updated": 0
  },
  {
    "id": "18cc577c-2bfc-400f-abbf-8629f87f1068",
    "data": [
      {
        "text": "por aquí ando",
        "userDefined": false
      }
    ],
    "isTemplate": false,
    "count": 0,
    "updated": 0
  },
  {
    "id": "3b988f74-56ae-449c-a76b-e8cf8c1fe982",
    "data": [
      {
        "text": "todavía estoy aquí",
        "userDefined": false
      }
    ],
    "isTemplate": false,
    "count": 0,
    "updated": 0
  }
]