[
  {
    "id": "d250abcd-b086-4337-9a2b-0b9fc0e6f89f",
    "data": [
      {
        "text": "hala",
        "userDefined": false
      }
    ],
    "isTemplate": false,
    "count": 0,
    "updated": 0
  },
  {
    "id": "192f93a8-caa2-4742-9529-691a3cca61b6",
    "data": [
      {
        "text": "ea",
        "userDefined": false
      }
    ],
    "isTemplate": false,
    "count": 0,
    "updated": 0
  },
  {
    "id": "aca03441-5e9f-4763-bf91-a75e70519e9c",
    "data": [
      {
        "text": "vaya tela",
        "userDefined": false
      }
    ],
    "isTemplate": false,
    "count": 0,
    "updated": 0
  },
  {
    "id": "2fdfae27-1016-474e-9029-7450aa3e4c94",
    "data": [
      {
        "text": "guau",
        "userDefined": false
      }
    ],
    "isTemplate": false,
    "count": 0,
    "updated": 0
  },
  {
    "id": "eea29cb4-5ed2-47e9-bbcb-16022956f49a",
    "data": [
      {
        "text": "vaya",
        "userDefined": false
      }
    ],
    "isTemplate": false,
    "count": 0,
    "updated": 0
  },
  {
    "id": "f4e8a3fe-3894-474c-9029-cee7d298c8b1",
    "data": [
      {
        "text": "órale",
        "userDefined": false
      }
    ],
    "isTemplate": false,
    "count": 0,
    "updated": 0
  }
]