[
  {
    "id": "43f7f5f8-a9c5-4414-a846-05737ec8b37d",
    "data": [
      {
        "text": "es broma",
        "userDefined": false
      }
    ],
    "isTemplate": false,
    "count": 0,
    "updated": 0
  },
  {
    "id": "9846915f-f617-4b24-b82e-4e280111fca9",
    "data": [
      {
        "text": "lo he dicho en broma",
        "userDefined": false
      }
    ],
    "isTemplate": false,
    "count": 0,
    "updated": 0
  },
  {
    "id": "4f8f26f9-39ba-4dff-90d5-8ca2b20f68ab",
    "data": [
      {
        "text": "era broma",
        "userDefined": false
      }
    ],
    "isTemplate": false,
    "count": 0,
    "updated": 0
  },
  {
    "id": "dbc71188-dd2b-44db-80c2-e1d8945977af",
    "data": [
      {
        "text": "no lo he dicho en serio",
        "userDefined": false
      }
    ],
    "isTemplate": false,
    "count": 0,
    "updated": 0
  },
  {
    "id": "8b51c3f0-e97d-4479-90a0-2f7986d6dc8c",
    "data": [
      {
        "text": "te he gastado una broma",
        "userDefined": false
      }
    ],
    "isTemplate": false,
    "count": 0,
    "updated": 0
  },
  {
    "id": "21fc5861-11fc-4174-b90a-6f346214d4d6",
    "data": [
      {
        "text": "te tomé el pelo",
        "userDefined": false
      }
    ],
    "isTemplate": false,
    "count": 0,
    "updated": 0
  },
  {
    "id": "a2cf9d86-9687-4a12-9843-2c4ba38ef612",
    "data": [
      {
        "text": "te he pillado",
        "userDefined": false
      }
    ],
    "isTemplate": false,
    "count": 0,
    "updated": 0
  },
  {
    "id": "8ded8e81-6700-4d41-82aa-bd208a9b0baf",
    "data": [
      {
        "text": "no era en serio",
        "userDefined": false
      }
    ],
    "isTemplate": false,
    "count": 0,
    "updated": 0
  },
  {
    "id": "91d3d6bb-2a8a-4d6f-ba56-1f11c1758b76",
    "data": [
      {
        "text": "lo dije en broma",
        "userDefined": false
      }
    ],
    "isTemplate": false,
    "count": 0,
    "updated": 0
  }
]